-- ===================================
-- Mock data generated with AI using deepseek
-- ===================================

-- ===================================
-- Customers Data (50 customers)
-- ===================================
INSERT INTO customers (customer_id, first_name, last_name) VALUES
(1, 'James', 'Smith'),
(2, 'Maria', 'Garcia'),
(3, 'Robert', 'Johnson'),
(4, 'Jennifer', 'Williams'),
(5, 'Michael', 'Brown'),
(6, 'Linda', 'Jones'),
(7, 'William', 'Miller'),
(8, 'Elizabeth', 'Davis'),
(9, 'David', 'Rodriguez'),
(10, 'Barbara', 'Martinez'),
(11, 'Richard', 'Hernandez'),
(12, 'Susan', 'Lopez'),
(13, 'Joseph', 'Gonzalez'),
(14, 'Jessica', 'Wilson'),
(15, 'Thomas', 'Anderson'),
(16, 'Sarah', 'Thomas'),
(17, 'Charles', 'Taylor'),
(18, 'Karen', 'Moore'),
(19, 'Christopher', 'Jackson'),
(20, 'Nancy', 'Martin'),
(21, 'Daniel', 'Lee'),
(22, 'Lisa', 'Perez'),
(23, 'Matthew', 'Thompson'),
(24, 'Betty', 'White'),
(25, 'Anthony', 'Harris'),
(26, 'Dorothy', 'Sanchez'),
(27, 'Mark', 'Clark'),
(28, 'Sandra', 'Ramirez'),
(29, 'Donald', 'Lewis'),
(30, 'Ashley', 'Robinson'),
(31, 'Steven', 'Walker'),
(32, 'Kimberly', 'Young'),
(33, 'Paul', 'Allen'),
(34, 'Donna', 'King'),
(35, 'Andrew', 'Wright'),
(36, 'Emily', 'Scott'),
(37, 'Joshua', 'Torres'),
(38, 'Michelle', 'Nguyen'),
(39, 'Kevin', 'Hill'),
(40, 'Carol', 'Flores'),
(41, 'Brian', 'Green'),
(42, 'Amanda', 'Adams'),
(43, 'George', 'Nelson'),
(44, 'Melissa', 'Baker'),
(45, 'Edward', 'Hall'),
(46, 'Deborah', 'Rivera'),
(47, 'Ronald', 'Campbell'),
(48, 'Stephanie', 'Mitchell'),
(49, 'Timothy', 'Carter'),
(50, 'Rebecca', 'Roberts');

-- ===================================
-- Address Data (50 addresses)
-- ===================================
INSERT INTO address (address_id, delivery_address1, delivery_address2, delivery_city, delivery_zipcode) VALUES
(1, '123 Main St', 'Apt 4B', 'Springfield', '12345'),
(2, '456 Oak Ave', NULL, 'Shelbyville', '23456'),
(3, '789 Pine Rd', 'Unit 12', 'Capital City', '34567'),
(4, '321 Elm St', NULL, 'Ogdenville', '45678'),
(5, '654 Maple Dr', 'Apt 302', 'North Haverbrook', '56789'),
(6, '987 Cedar Ln', NULL, 'Brockway', '67890'),
(7, '159 Birch Blvd', 'Suite 100', 'Springfield', '12345'),
(8, '753 Willow Way', NULL, 'Shelbyville', '23456'),
(9, '246 Spruce Ct', 'Apt 5A', 'Capital City', '34567'),
(10, '864 Aspen Pl', NULL, 'Ogdenville', '45678'),
(11, '135 Redwood Rd', 'Unit 8', 'North Haverbrook', '56789'),
(12, '579 Sycamore St', NULL, 'Brockway', '67890'),
(13, '802 Magnolia Dr', 'Apt 201', 'Springfield', '12345'),
(14, '316 Dogwood Ln', NULL, 'Shelbyville', '23456'),
(15, '947 Hickory Ave', 'Suite 45', 'Capital City', '34567'),
(16, '263 Poplar Blvd', NULL, 'Ogdenville', '45678'),
(17, '684 Cherry St', 'Apt 3C', 'North Haverbrook', '56789'),
(18, '375 Walnut Rd', NULL, 'Brockway', '67890'),
(19, '528 Peach Dr', 'Unit 22', 'Springfield', '12345'),
(20, '149 Pear Ln', NULL, 'Shelbyville', '23456'),
(21, '731 Apple Way', 'Apt 7B', 'Capital City', '34567'),
(22, '392 Orange Ct', NULL, 'Ogdenville', '45678'),
(23, '865 Grape Pl', 'Suite 300', 'North Haverbrook', '56789'),
(24, '457 Lemon St', NULL, 'Brockway', '67890'),
(25, '618 Lime Rd', 'Apt 102', 'Springfield', '12345'),
(26, '289 Berry Blvd', NULL, 'Shelbyville', '23456'),
(27, '572 Kiwi Dr', 'Unit 15', 'Capital City', '34567'),
(28, '153 Mango Ln', NULL, 'Ogdenville', '45678'),
(29, '426 Papaya Ave', 'Apt 6D', 'North Haverbrook', '56789'),
(30, '795 Avocado St', NULL, 'Brockway', '67890'),
(31, '168 Pineapple Rd', 'Suite 250', 'Springfield', '12345'),
(32, '439 Coconut Dr', NULL, 'Shelbyville', '23456'),
(33, '752 Banana Ln', 'Apt 9E', 'Capital City', '34567'),
(34, '315 Plum Way', NULL, 'Ogdenville', '45678'),
(35, '648 Fig Ct', 'Unit 18', 'North Haverbrook', '56789'),
(36, '927 Date Pl', NULL, 'Brockway', '67890'),
(37, '531 Olive St', 'Apt 4F', 'Springfield', '12345'),
(38, '842 Almond Rd', NULL, 'Shelbyville', '23456'),
(39, '163 Pecan Blvd', 'Suite 75', 'Capital City', '34567'),
(40, '476 Cashew Dr', NULL, 'Ogdenville', '45678'),
(41, '789 Walnut Ln', 'Apt 2G', 'North Haverbrook', '56789'),
(42, '152 Chestnut Ave', NULL, 'Brockway', '67890'),
(43, '365 Hazelnut St', 'Unit 11', 'Springfield', '12345'),
(44, '678 Pistachio Rd', NULL, 'Shelbyville', '23456'),
(45, '941 Macadamia Dr', 'Apt 8H', 'Capital City', '34567'),
(46, '214 Pine Nut Ln', NULL, 'Ogdenville', '45678'),
(47, '527 Brazil Nut Way', 'Suite 200', 'North Haverbrook', '56789'),
(48, '830 Peanut Ct', NULL, 'Brockway', '67890'),
(49, '143 Almond Pl', 'Apt 1I', 'Springfield', '12345'),
(50, '456 Cashew St', NULL, 'Shelbyville', '23456');

-- ===================================
-- Products Data (20 items)
-- ===================================
INSERT INTO items (item_id, sku, item_name, item_cat, item_size, item_price) VALUES
('P001', 'PIZZA-SM-CHEESE', 'Cheese Pizza', 'Pizza', 'Small', 9.99),
('P002', 'PIZZA-MD-CHEESE', 'Cheese Pizza', 'Pizza', 'Medium', 12.99),
('P003', 'PIZZA-LG-CHEESE', 'Cheese Pizza', 'Pizza', 'Large', 15.99),
('P004', 'PIZZA-SM-PEPPERONI', 'Pepperoni Pizza', 'Pizza', 'Small', 10.99),
('P005', 'PIZZA-MD-PEPPERONI', 'Pepperoni Pizza', 'Pizza', 'Medium', 13.99),
('P006', 'PIZZA-LG-PEPPERONI', 'Pepperoni Pizza', 'Pizza', 'Large', 16.99),
('P007', 'PIZZA-SM-VEGGIE', 'Veggie Pizza', 'Pizza', 'Small', 11.99),
('P008', 'PIZZA-MD-VEGGIE', 'Veggie Pizza', 'Pizza', 'Medium', 14.99),
('P009', 'PIZZA-LG-VEGGIE', 'Veggie Pizza', 'Pizza', 'Large', 17.99),
('P010', 'PIZZA-SM-SUPREME', 'Supreme Pizza', 'Pizza', 'Small', 12.99),
('P011', 'PIZZA-MD-SUPREME', 'Supreme Pizza', 'Pizza', 'Medium', 15.99),
('P012', 'PIZZA-LG-SUPREME', 'Supreme Pizza', 'Pizza', 'Large', 18.99),
('S001', 'SALAD-CAESAR', 'Caesar Salad', 'Salad', 'Regular', 7.99),
('S002', 'SALAD-GREEK', 'Greek Salad', 'Salad', 'Regular', 8.99),
('D001', 'DRINK-SODA', 'Soda', 'Drink', '20oz', 2.49),
('D002', 'DRINK-BOTTLE', 'Bottled Water', 'Drink', '16oz', 1.99),
('D003', 'DRINK-LEMONADE', 'Lemonade', 'Drink', '20oz', 2.99),
('B001', 'BREAD-GARLIC', 'Garlic Bread', 'Side', 'Regular', 4.99),
('B002', 'BREAD-CHEESE', 'Cheesy Bread', 'Side', 'Regular', 5.99),
('D004', 'DESSERT-COOKIE', 'Chocolate Chip Cookie', 'Dessert', 'Regular', 2.99);

-- ===================================
-- Ingredients Data (30 ingredients)
-- ===================================
INSERT INTO ingredient (ing_id, ing_name, ing_weight, ing_meas, ing_price) VALUES
('ING001', 'Pizza Dough', 1000, 'grams', 2.50),
('ING002', 'Tomato Sauce', 500, 'grams', 1.75),
('ING003', 'Mozzarella Cheese', 1000, 'grams', 4.25),
('ING004', 'Pepperoni', 500, 'grams', 3.50),
('ING005', 'Mushrooms', 500, 'grams', 2.25),
('ING006', 'Green Peppers', 500, 'grams', 1.75),
('ING007', 'Onions', 500, 'grams', 1.25),
('ING008', 'Black Olives', 500, 'grams', 2.00),
('ING009', 'Italian Sausage', 500, 'grams', 3.75),
('ING010', 'Bacon', 500, 'grams', 4.00),
('ING011', 'Ham', 500, 'grams', 3.25),
('ING012', 'Pineapple', 500, 'grams', 2.50),
('ING013', 'Fresh Basil', 100, 'grams', 1.50),
('ING014', 'Parmesan Cheese', 500, 'grams', 4.50),
('ING015', 'Romaine Lettuce', 500, 'grams', 1.75),
('ING016', 'Croutons', 500, 'grams', 2.25),
('ING017', 'Caesar Dressing', 500, 'ml', 3.00),
('ING018', 'Feta Cheese', 500, 'grams', 4.00),
('ING019', 'Cucumbers', 500, 'grams', 1.50),
('ING020', 'Tomatoes', 500, 'grams', 2.00),
('ING021', 'Red Onions', 500, 'grams', 1.25),
('ING022', 'Kalamata Olives', 500, 'grams', 3.00),
('ING023', 'Greek Dressing', 500, 'ml', 3.25),
('ING024', 'Garlic Butter', 500, 'grams', 2.75),
('ING025', 'Cola Syrup', 5000, 'ml', 5.00),
('ING026', 'Carbonated Water', 10000, 'ml', 1.50),
('ING027', 'Lemon Juice', 1000, 'ml', 2.50),
('ING028', 'Sugar', 5000, 'grams', 1.25),
('ING029', 'Chocolate Chips', 1000, 'grams', 4.50),
('ING030', 'Cookie Dough', 5000, 'grams', 6.00);

-- ===================================
-- Recipe Data (50 recipes)
-- ===================================
INSERT INTO recipe (recipe_id, ing_id, quantity) VALUES
-- Cheese Pizza (Small)
('PIZZA-SM-CHEESE', 'ING001', 200),
('PIZZA-SM-CHEESE', 'ING002', 100),
('PIZZA-SM-CHEESE', 'ING003', 150),
-- Cheese Pizza (Medium)
('PIZZA-MD-CHEESE', 'ING001', 300),
('PIZZA-MD-CHEESE', 'ING002', 150),
('PIZZA-MD-CHEESE', 'ING003', 225),
-- Cheese Pizza (Large)
('PIZZA-LG-CHEESE', 'ING001', 400),
('PIZZA-LG-CHEESE', 'ING002', 200),
('PIZZA-LG-CHEESE', 'ING003', 300),
-- Pepperoni Pizza (Small)
('PIZZA-SM-PEPPERONI', 'ING001', 200),
('PIZZA-SM-PEPPERONI', 'ING002', 100),
('PIZZA-SM-PEPPERONI', 'ING003', 150),
('PIZZA-SM-PEPPERONI', 'ING004', 50),
-- Pepperoni Pizza (Medium)
('PIZZA-MD-PEPPERONI', 'ING001', 300),
('PIZZA-MD-PEPPERONI', 'ING002', 150),
('PIZZA-MD-PEPPERONI', 'ING003', 225),
('PIZZA-MD-PEPPERONI', 'ING004', 75),
-- Pepperoni Pizza (Large)
('PIZZA-LG-PEPPERONI', 'ING001', 400),
('PIZZA-LG-PEPPERONI', 'ING002', 200),
('PIZZA-LG-PEPPERONI', 'ING003', 300),
('PIZZA-LG-PEPPERONI', 'ING004', 100),
-- Veggie Pizza (Small)
('PIZZA-SM-VEGGIE', 'ING001', 200),
('PIZZA-SM-VEGGIE', 'ING002', 100),
('PIZZA-SM-VEGGIE', 'ING003', 150),
('PIZZA-SM-VEGGIE', 'ING005', 30),
('PIZZA-SM-VEGGIE', 'ING006', 30),
('PIZZA-SM-VEGGIE', 'ING007', 30),
('PIZZA-SM-VEGGIE', 'ING008', 30),
-- Veggie Pizza (Medium)
('PIZZA-MD-VEGGIE', 'ING001', 300),
('PIZZA-MD-VEGGIE', 'ING002', 150),
('PIZZA-MD-VEGGIE', 'ING003', 225),
('PIZZA-MD-VEGGIE', 'ING005', 45),
('PIZZA-MD-VEGGIE', 'ING006', 45),
('PIZZA-MD-VEGGIE', 'ING007', 45),
('PIZZA-MD-VEGGIE', 'ING008', 45),
-- Veggie Pizza (Large)
('PIZZA-LG-VEGGIE', 'ING001', 400),
('PIZZA-LG-VEGGIE', 'ING002', 200),
('PIZZA-LG-VEGGIE', 'ING003', 300),
('PIZZA-LG-VEGGIE', 'ING005', 60),
('PIZZA-LG-VEGGIE', 'ING006', 60),
('PIZZA-LG-VEGGIE', 'ING007', 60),
('PIZZA-LG-VEGGIE', 'ING008', 60),
-- Supreme Pizza (Small)
('PIZZA-SM-SUPREME', 'ING001', 200),
('PIZZA-SM-SUPREME', 'ING002', 100),
('PIZZA-SM-SUPREME', 'ING003', 150),
('PIZZA-SM-SUPREME', 'ING004', 25),
('PIZZA-SM-SUPREME', 'ING005', 20),
('PIZZA-SM-SUPREME', 'ING006', 20),
('PIZZA-SM-SUPREME', 'ING007', 20),
('PIZZA-SM-SUPREME', 'ING008', 20),
('PIZZA-SM-SUPREME', 'ING009', 25),
-- Supreme Pizza (Medium)
('PIZZA-MD-SUPREME', 'ING001', 300),
('PIZZA-MD-SUPREME', 'ING002', 150),
('PIZZA-MD-SUPREME', 'ING003', 225),
('PIZZA-MD-SUPREME', 'ING004', 35),
('PIZZA-MD-SUPREME', 'ING005', 30),
('PIZZA-MD-SUPREME', 'ING006', 30),
('PIZZA-MD-SUPREME', 'ING007', 30),
('PIZZA-MD-SUPREME', 'ING008', 30),
('PIZZA-MD-SUPREME', 'ING009', 35),
-- Supreme Pizza (Large)
('PIZZA-LG-SUPREME', 'ING001', 400),
('PIZZA-LG-SUPREME', 'ING002', 200),
('PIZZA-LG-SUPREME', 'ING003', 300),
('PIZZA-LG-SUPREME', 'ING004', 50),
('PIZZA-LG-SUPREME', 'ING005', 40),
('PIZZA-LG-SUPREME', 'ING006', 40),
('PIZZA-LG-SUPREME', 'ING007', 40),
('PIZZA-LG-SUPREME', 'ING008', 40),
('PIZZA-LG-SUPREME', 'ING009', 50),
-- Caesar Salad
('SALAD-CAESAR', 'ING015', 150),
('SALAD-CAESAR', 'ING016', 30),
('SALAD-CAESAR', 'ING017', 30),
('SALAD-CAESAR', 'ING014', 20),
-- Greek Salad
('SALAD-GREEK', 'ING015', 100),
('SALAD-GREEK', 'ING018', 50),
('SALAD-GREEK', 'ING019', 50),
('SALAD-GREEK', 'ING020', 50),
('SALAD-GREEK', 'ING021', 30),
('SALAD-GREEK', 'ING022', 30),
('SALAD-GREEK', 'ING023', 30),
-- Soda
('DRINK-SODA', 'ING025', 50),
('DRINK-SODA', 'ING026', 500),
-- Bottled Water
('DRINK-BOTTLE', 'ING026', 500),
-- Lemonade
('DRINK-LEMONADE', 'ING027', 100),
('DRINK-LEMONADE', 'ING028', 50),
('DRINK-LEMONADE', 'ING026', 400),
-- Garlic Bread
('BREAD-GARLIC', 'ING001', 100),
('BREAD-GARLIC', 'ING024', 30),
-- Cheesy Bread
('BREAD-CHEESE', 'ING001', 100),
('BREAD-CHEESE', 'ING024', 20),
('BREAD-CHEESE', 'ING003', 50),
-- Chocolate Chip Cookie
('DESSERT-COOKIE', 'ING029', 50),
('DESSERT-COOKIE', 'ING030', 100);

-- ===================================
-- Inventory Data (20 items)
-- ===================================
INSERT INTO inventory (item_id, quantity) VALUES
('P001', 50),
('P002', 40),
('P003', 30),
('P004', 45),
('P005', 35),
('P006', 25),
('P007', 30),
('P008', 25),
('P009', 20),
('P010', 20),
('P011', 15),
('P012', 10),
('S001', 30),
('S002', 25),
('D001', 100),
('D002', 150),
('D003', 80),
('B001', 40),
('B002', 35),
('D004', 60);

-- ===================================
-- Staff Data (10 employees)
-- ===================================
INSERT INTO staff (staff_id, first_name, last_name, position, hourly_rate) VALUES
('EMP001', 'John', 'Baker', 'Manager', 25),
('EMP002', 'Emily', 'Cook', 'Assistant Manager', 20),
('EMP003', 'Michael', 'Chef', 'Head Chef', 22),
('EMP004', 'Sarah', 'Pizza', 'Pizza Chef', 18),
('EMP005', 'David', 'Server', 'Server', 15),
('EMP006', 'Jessica', 'Wait', 'Server', 15),
('EMP007', 'Robert', 'Driver', 'Delivery Driver', 12),
('EMP008', 'Jennifer', 'Cash', 'Cashier', 14),
('EMP009', 'Thomas', 'Clean', 'Janitor', 12),
('EMP010', 'Lisa', 'Help', 'Server', 15);

-- ===================================
-- Shift Data (5 shifts)
-- ===================================
INSERT INTO shift (shift_id, day_of_week, start_time, end_time) VALUES
('SHIFT1', 'Weekday', '08:00:00', '16:00:00'),
('SHIFT2', 'Weekday', '16:00:00', '00:00:00'),
('SHIFT3', 'Weekend', '09:00:00', '17:00:00'),
('SHIFT4', 'Weekend', '17:00:00', '01:00:00'),
('SHIFT5', 'All', '11:00:00', '19:00:00');

-- ===================================
-- Rota Data (50 rotations)
-- ===================================
INSERT INTO rota (rota_id, date, shift_id, staff_id) VALUES
('ROTA20230101', '2023-01-01', 'SHIFT3', 'EMP001'),
('ROTA20230101', '2023-01-01', 'SHIFT3', 'EMP003'),
('ROTA20230101', '2023-01-01', 'SHIFT3', 'EMP005'),
('ROTA20230101', '2023-01-01', 'SHIFT3', 'EMP008'),
('ROTA20230101', '2023-01-01', 'SHIFT4', 'EMP002'),
('ROTA20230101', '2023-01-01', 'SHIFT4', 'EMP004'),
('ROTA20230101', '2023-01-01', 'SHIFT4', 'EMP006'),
('ROTA20230101', '2023-01-01', 'SHIFT4', 'EMP007'),
('ROTA20230102', '2023-01-02', 'SHIFT1', 'EMP001'),
('ROTA20230102', '2023-01-02', 'SHIFT1', 'EMP003'),
('ROTA20230102', '2023-01-02', 'SHIFT1', 'EMP008'),
('ROTA20230102', '2023-01-02', 'SHIFT1', 'EMP009'),
('ROTA20230102', '2023-01-02', 'SHIFT2', 'EMP002'),
('ROTA20230102', '2023-01-02', 'SHIFT2', 'EMP004'),
('ROTA20230102', '2023-01-02', 'SHIFT2', 'EMP005'),
('ROTA20230102', '2023-01-02', 'SHIFT2', 'EMP007'),
('ROTA20230103', '2023-01-03', 'SHIFT1', 'EMP001'),
('ROTA20230103', '2023-01-03', 'SHIFT1', 'EMP003'),
('ROTA20230103', '2023-01-03', 'SHIFT1', 'EMP008'),
('ROTA20230103', '2023-01-03', 'SHIFT1', 'EMP009'),
('ROTA20230103', '2023-01-03', 'SHIFT2', 'EMP002'),
('ROTA20230103', '2023-01-03', 'SHIFT2', 'EMP004'),
('ROTA20230103', '2023-01-03', 'SHIFT2', 'EMP006'),
('ROTA20230103', '2023-01-03', 'SHIFT2', 'EMP007'),
('ROTA20230104', '2023-01-04', 'SHIFT1', 'EMP001'),
('ROTA20230104', '2023-01-04', 'SHIFT1', 'EMP003'),
('ROTA20230104', '2023-01-04', 'SHIFT1', 'EMP008'),
('ROTA20230104', '2023-01-04', 'SHIFT1', 'EMP009'),
('ROTA20230104', '2023-01-04', 'SHIFT2', 'EMP002'),
('ROTA20230104', '2023-01-04', 'SHIFT2', 'EMP004'),
('ROTA20230104', '2023-01-04', 'SHIFT2', 'EMP005'),
('ROTA20230104', '2023-01-04', 'SHIFT2', 'EMP007'),
('ROTA20230105', '2023-01-05', 'SHIFT1', 'EMP001'),
('ROTA20230105', '2023-01-05', 'SHIFT1', 'EMP003'),
('ROTA20230105', '2023-01-05', 'SHIFT1', 'EMP008'),
('ROTA20230105', '2023-01-05', 'SHIFT1', 'EMP009'),
('ROTA20230105', '2023-01-05', 'SHIFT2', 'EMP002'),
('ROTA20230105', '2023-01-05', 'SHIFT2', 'EMP004'),
('ROTA20230105', '2023-01-05', 'SHIFT2', 'EMP006'),
('ROTA20230105', '2023-01-05', 'SHIFT2', 'EMP007'),
('ROTA20230106', '2023-01-06', 'SHIFT3', 'EMP001'),
('ROTA20230106', '2023-01-06', 'SHIFT3', 'EMP003'),
('ROTA20230106', '2023-01-06', 'SHIFT3', 'EMP005'),
('ROTA20230106', '2023-01-06', 'SHIFT3', 'EMP008'),
('ROTA20230106', '2023-01-06', 'SHIFT4', 'EMP002'),
('ROTA20230106', '2023-01-06', 'SHIFT4', 'EMP004'),
('ROTA20230106', '2023-01-06', 'SHIFT4', 'EMP006'),
('ROTA20230106', '2023-01-06', 'SHIFT4', 'EMP007');

-- ===================================
-- Orders Data (200 orders with realistic distribution)
-- ===================================
INSERT INTO orders (order_id, created_at, quantity, delivery, customer_id, address_id, item_id) VALUES
-- January 2023 orders (peak after New Year's)
('ORD10001', '2023-01-02 11:15:00', 1, FALSE, 1, 1, 'P002'),
('ORD10002', '2023-01-02 11:30:00', 2, TRUE, 2, 2, 'P004'),
('ORD10003', '2023-01-02 12:00:00', 1, FALSE, 3, 3, 'P005'),
('ORD10004', '2023-01-02 12:30:00', 3, TRUE, 4, 4, 'P001'),
('ORD10005', '2023-01-02 13:15:00', 1, FALSE, 5, 5, 'P007'),
('ORD10006', '2023-01-02 18:30:00', 2, TRUE, 6, 6, 'P003'),
('ORD10007', '2023-01-02 19:00:00', 1, FALSE, 7, 7, 'P008'),
('ORD10008', '2023-01-02 19:45:00', 1, TRUE, 8, 8, 'P006'),
('ORD10009', '2023-01-03 11:00:00', 1, FALSE, 9, 9, 'P002'),
('ORD10010', '2023-01-03 11:30:00', 2, TRUE, 10, 10, 'P004'),
('ORD10011', '2023-01-03 12:15:00', 1, FALSE, 11, 11, 'P005'),
('ORD10012', '2023-01-03 12:45:00', 3, TRUE, 12, 12, 'P001'),
('ORD10013', '2023-01-03 13:30:00', 1, FALSE, 13, 13, 'P007'),
('ORD10014', '2023-01-03 18:45:00', 2, TRUE, 14, 14, 'P003'),
('ORD10015', '2023-01-03 19:15:00', 1, FALSE, 15, 15, 'P008'),
('ORD10016', '2023-01-03 20:00:00', 1, TRUE, 16, 16, 'P006'),
('ORD10017', '2023-01-04 11:15:00', 1, FALSE, 17, 17, 'P002'),
('ORD10018', '2023-01-04 11:45:00', 2, TRUE, 18, 18, 'P004'),
('ORD10019', '2023-01-04 12:30:00', 1, FALSE, 19, 19, 'P005'),
('ORD10020', '2023-01-04 13:00:00', 3, TRUE, 20, 20, 'P001'),
('ORD10021', '2023-01-04 13:45:00', 1, FALSE, 21, 21, 'P007'),
('ORD10022', '2023-01-04 19:00:00', 2, TRUE, 22, 22, 'P003'),
('ORD10023', '2023-01-04 19:30:00', 1, FALSE, 23, 23, 'P008'),
('ORD10024', '2023-01-04 20:15:00', 1, TRUE, 24, 24, 'P006'),
('ORD10025', '2023-01-05 11:30:00', 1, FALSE, 25, 25, 'P002'),
('ORD10026', '2023-01-05 12:00:00', 2, TRUE, 26, 26, 'P004'),
('ORD10027', '2023-01-05 12:45:00', 1, FALSE, 27, 27, 'P005'),
('ORD10028', '2023-01-05 13:15:00', 3, TRUE, 28, 28, 'P001'),
('ORD10029', '2023-01-05 14:00:00', 1, FALSE, 29, 29, 'P007'),
('ORD10030', '2023-01-05 19:15:00', 2, TRUE, 30, 30, 'P003'),
('ORD10031', '2023-01-05 19:45:00', 1, FALSE, 31, 31, 'P008'),
('ORD10032', '2023-01-05 20:30:00', 1, TRUE, 32, 32, 'P006'),
('ORD10033', '2023-01-06 11:45:00', 1, FALSE, 33, 33, 'P002'),
('ORD10034', '2023-01-06 12:15:00', 2, TRUE, 34, 34, 'P004'),
('ORD10035', '2023-01-06 13:00:00', 1, FALSE, 35, 35, 'P005'),
('ORD10036', '2023-01-06 13:30:00', 3, TRUE, 36, 36, 'P001'),
('ORD10037', '2023-01-06 14:15:00', 1, FALSE, 37, 37, 'P007'),
('ORD10038', '2023-01-06 19:30:00', 2, TRUE, 38, 38, 'P003'),
('ORD10039', '2023-01-06 20:00:00', 1, FALSE, 39, 39, 'P008'),
('ORD10040', '2023-01-06 20:45:00', 1, TRUE, 40, 40, 'P006'),
('ORD10041', '2023-01-07 12:00:00', 1, FALSE, 41, 41, 'P002'),
('ORD10042', '2023-01-07 12:30:00', 2, TRUE, 42, 42, 'P004'),
('ORD10043', '2023-01-07 13:15:00', 1, FALSE, 43, 43, 'P005'),
('ORD10044', '2023-01-07 13:45:00', 3, TRUE, 44, 44, 'P001'),
('ORD10045', '2023-01-07 14:30:00', 1, FALSE, 45, 45, 'P007'),
('ORD10046', '2023-01-07 19:45:00', 2, TRUE, 46, 46, 'P003'),
('ORD10047', '2023-01-07 20:15:00', 1, FALSE, 47, 47, 'P008'),
('ORD10048', '2023-01-07 21:00:00', 1, TRUE, 48, 48, 'P006'),
('ORD10049', '2023-01-08 12:15:00', 1, FALSE, 49, 49, 'P002'),
('ORD10050', '2023-01-08 12:45:00', 2, TRUE, 50, 50, 'P004'),
-- February 2023 orders (Valentine's Day spike)
('ORD10051', '2023-02-14 17:00:00', 1, FALSE, 1, 1, 'P011'),
('ORD10052', '2023-02-14 17:15:00', 1, TRUE, 2, 2, 'P011'),
('ORD10053', '2023-02-14 17:30:00', 1, FALSE, 3, 3, 'P011'),
('ORD10054', '2023-02-14 17:45:00', 1, TRUE, 4, 4, 'P011'),
('ORD10055', '2023-02-14 18:00:00', 1, FALSE, 5, 5, 'P011'),
('ORD10056', '2023-02-14 18:15:00', 1, TRUE, 6, 6, 'P011'),
('ORD10057', '2023-02-14 18:30:00', 1, FALSE, 7, 7, 'P011'),
('ORD10058', '2023-02-14 18:45:00', 1, TRUE, 8, 8, 'P011'),
('ORD10059', '2023-02-14 19:00:00', 1, FALSE, 9, 9, 'P011'),
('ORD10060', '2023-02-14 19:15:00', 1, TRUE, 10, 10, 'P011'),
-- March 2023 orders (regular)
('ORD10061', '2023-03-01 11:30:00', 1, FALSE, 11, 11, 'P002'),
('ORD10062', '2023-03-01 12:00:00', 2, TRUE, 12, 12, 'P004'),
('ORD10063', '2023-03-01 12:45:00', 1, FALSE, 13, 13, 'P005'),
('ORD10064', '2023-03-01 13:15:00', 3, TRUE, 14, 14, 'P001'),
('ORD10065', '2023-03-01 14:00:00', 1, FALSE, 15, 15, 'P007'),
('ORD10066', '2023-03-01 19:15:00', 2, TRUE, 16, 16, 'P003'),
('ORD10067', '2023-03-01 19:45:00', 1, FALSE, 17, 17, 'P008'),
('ORD10068', '2023-03-01 20:30:00', 1, TRUE, 18, 18, 'P006'),
('ORD10069', '2023-03-02 11:45:00', 1, FALSE, 19, 19, 'P002'),
('ORD10070', '2023-03-02 12:15:00', 2, TRUE, 20, 20, 'P004'),
-- April 2023 orders (regular)
('ORD10071', '2023-04-05 12:00:00', 1, FALSE, 21, 21, 'P002'),
('ORD10072', '2023-04-05 12:30:00', 2, TRUE, 22, 22, 'P004'),
('ORD10073', '2023-04-05 13:15:00', 1, FALSE, 23, 23, 'P005'),
('ORD10074', '2023-04-05 13:45:00', 3, TRUE, 24, 24, 'P001'),
('ORD10075', '2023-04-05 14:30:00', 1, FALSE, 25, 25, 'P007'),
('ORD10076', '2023-04-05 19:45:00', 2, TRUE, 26, 26, 'P003'),
('ORD10077', '2023-04-05 20:15:00', 1, FALSE, 27, 27, 'P008'),
('ORD10078', '2023-04-05 21:00:00', 1, TRUE, 28, 28, 'P006'),
('ORD10079', '2023-04-06 12:15:00', 1, FALSE, 29, 29, 'P002'),
('ORD10080', '2023-04-06 12:45:00', 2, TRUE, 30, 30, 'P004'),
-- May 2023 orders (Cinco de Mayo spike)
('ORD10081', '2023-05-05 17:00:00', 1, FALSE, 31, 31, 'P010'),
('ORD10082', '2023-05-05 17:15:00', 1, TRUE, 32, 32, 'P010'),
('ORD10083', '2023-05-05 17:30:00', 1, FALSE, 33, 33, 'P010'),
('ORD10084', '2023-05-05 17:45:00', 1, TRUE, 34, 34, 'P010'),
('ORD10085', '2023-05-05 18:00:00', 1, FALSE, 35, 35, 'P010'),
('ORD10086', '2023-05-05 18:15:00', 1, TRUE, 36, 36, 'P010'),
('ORD10087', '2023-05-05 18:30:00', 1, FALSE, 37, 37, 'P010'),
('ORD10088', '2023-05-05 18:45:00', 1, TRUE, 38, 38, 'P010'),
('ORD10089', '2023-05-05 19:00:00', 1, FALSE, 39, 39, 'P010'),
('ORD10090', '2023-05-05 19:15:00', 1, TRUE, 40, 40, 'P010'),
-- June 2023 orders (summer begins)
('ORD10091', '2023-06-10 12:00:00', 1, FALSE, 41, 41, 'P002'),
('ORD10092', '2023-06-10 12:30:00', 2, TRUE, 42, 42, 'P004'),
('ORD10093', '2023-06-10 13:15:00', 1, FALSE, 43, 43, 'P005'),
('ORD10094', '2023-06-10 13:45:00', 3, TRUE, 44, 44, 'P001'),
('ORD10095', '2023-06-10 14:30:00', 1, FALSE, 45, 45, 'P007'),
('ORD10096', '2023-06-10 19:45:00', 2, TRUE, 46, 46, 'P003'),
('ORD10097', '2023-06-10 20:15:00', 1, FALSE, 47, 47, 'P008'),
('ORD10098', '2023-06-10 21:00:00', 1, TRUE, 48, 48, 'P006'),
('ORD10099', '2023-06-11 12:15:00', 1, FALSE, 49, 49, 'P002'),
('ORD10100', '2023-06-11 12:45:00', 2, TRUE, 50, 50, 'P004'),
-- July 2023 orders (summer peak)
('ORD10101', '2023-07-04 17:00:00', 1, FALSE, 1, 1, 'P012'),
('ORD10102', '2023-07-04 17:15:00', 1, TRUE, 2, 2, 'P012'),
('ORD10103', '2023-07-04 17:30:00', 1, FALSE, 3, 3, 'P012'),
('ORD10104', '2023-07-04 17:45:00', 1, TRUE, 4, 4, 'P012'),
('ORD10105', '2023-07-04 18:00:00', 1, FALSE, 5, 5, 'P012'),
('ORD10106', '2023-07-04 18:15:00', 1, TRUE, 6, 6, 'P012'),
('ORD10107', '2023-07-04 18:30:00', 1, FALSE, 7, 7, 'P012'),
('ORD10108', '2023-07-04 18:45:00', 1, TRUE, 8, 8, 'P012'),
('ORD10109', '2023-07-04 19:00:00', 1, FALSE, 9, 9, 'P012'),
('ORD10110', '2023-07-04 19:15:00', 1, TRUE, 10, 10, 'P012'),
-- August 2023 orders (summer continues)
('ORD10111', '2023-08-15 12:00:00', 1, FALSE, 11, 11, 'P002'),
('ORD10112', '2023-08-15 12:30:00', 2, TRUE, 12, 12, 'P004'),
('ORD10113', '2023-08-15 13:15:00', 1, FALSE, 13, 13, 'P005'),
('ORD10114', '2023-08-15 13:45:00', 3, TRUE, 14, 14, 'P001'),
('ORD10115', '2023-08-15 14:30:00', 1, FALSE, 15, 15, 'P007'),
('ORD10116', '2023-08-15 19:45:00', 2, TRUE, 16, 16, 'P003'),
('ORD10117', '2023-08-15 20:15:00', 1, FALSE, 17, 17, 'P008'),
('ORD10118', '2023-08-15 21:00:00', 1, TRUE, 18, 18, 'P006'),
('ORD10119', '2023-08-16 12:15:00', 1, FALSE, 19, 19, 'P002'),
('ORD10120', '2023-08-16 12:45:00', 2, TRUE, 20, 20, 'P004'),
-- September 2023 orders (back to school)
('ORD10121', '2023-09-01 12:00:00', 1, FALSE, 21, 21, 'P002'),
('ORD10122', '2023-09-01 12:30:00', 2, TRUE, 22, 22, 'P004'),
('ORD10123', '2023-09-01 13:15:00', 1, FALSE, 23, 23, 'P005'),
('ORD10124', '2023-09-01 13:45:00', 3, TRUE, 24, 24, 'P001'),
('ORD10125', '2023-09-01 14:30:00', 1, FALSE, 25, 25, 'P007'),
('ORD10126', '2023-09-01 19:45:00', 2, TRUE, 26, 26, 'P003'),
('ORD10127', '2023-09-01 20:15:00', 1, FALSE, 27, 27, 'P008'),
('ORD10128', '2023-09-01 21:00:00', 1, TRUE, 28, 28, 'P006'),
('ORD10129', '2023-09-02 12:15:00', 1, FALSE, 29, 29, 'P002'),
('ORD10130', '2023-09-02 12:45:00', 2, TRUE, 30, 30, 'P004'),
-- October 2023 orders (Halloween)
('ORD10131', '2023-10-31 17:00:00', 1, FALSE, 31, 31, 'P010'),
('ORD10132', '2023-10-31 17:15:00', 1, TRUE, 32, 32, 'P010'),
('ORD10133', '2023-10-31 17:30:00', 1, FALSE, 33, 33, 'P010'),
('ORD10134', '2023-10-31 17:45:00', 1, TRUE, 34, 34, 'P010'),
('ORD10135', '2023-10-31 18:00:00', 1, FALSE, 35, 35, 'P010'),
('ORD10136', '2023-10-31 18:15:00', 1, TRUE, 36, 36, 'P010'),
('ORD10137', '2023-10-31 18:30:00', 1, FALSE, 37, 37, 'P010'),
('ORD10138', '2023-10-31 18:45:00', 1, TRUE, 38, 38, 'P010'),
('ORD10139', '2023-10-31 19:00:00', 1, FALSE, 39, 39, 'P010'),
('ORD10140', '2023-10-31 19:15:00', 1, TRUE, 40, 40, 'P010'),
-- November 2023 orders (Thanksgiving week)
('ORD10141', '2023-11-22 12:00:00', 1, FALSE, 41, 41, 'P002'),
('ORD10142', '2023-11-22 12:30:00', 2, TRUE, 42, 42, 'P004'),
('ORD10143', '2023-11-22 13:15:00', 1, FALSE, 43, 43, 'P005'),
('ORD10144', '2023-11-22 13:45:00', 3, TRUE, 44, 44, 'P001'),
('ORD10145', '2023-11-22 14:30:00', 1, FALSE, 45, 45, 'P007'),
('ORD10146', '2023-11-22 19:45:00', 2, TRUE, 46, 46, 'P003'),
('ORD10147', '2023-11-22 20:15:00', 1, FALSE, 47, 47, 'P008'),
('ORD10148', '2023-11-22 21:00:00', 1, TRUE, 48, 48, 'P006'),
('ORD10149', '2023-11-23 12:15:00', 1, FALSE, 49, 49, 'P002'),
('ORD10150', '2023-11-23 12:45:00', 2, TRUE, 50, 50, 'P004'),
-- December 2023 orders (holiday season)
('ORD10151', '2023-12-15 17:00:00', 1, FALSE, 1, 1, 'P012'),
('ORD10152', '2023-12-15 17:15:00', 1, TRUE, 2, 2, 'P012'),
('ORD10153', '2023-12-15 17:30:00', 1, FALSE, 3, 3, 'P012'),
('ORD10154', '2023-12-15 17:45:00', 1, TRUE, 4, 4, 'P012'),
('ORD10155', '2023-12-15 18:00:00', 1, FALSE, 5, 5, 'P012'),
('ORD10156', '2023-12-15 18:15:00', 1, TRUE, 6, 6, 'P012'),
('ORD10157', '2023-12-15 18:30:00', 1, FALSE, 7, 7, 'P012'),
('ORD10158', '2023-12-15 18:45:00', 1, TRUE, 8, 8, 'P012'),
('ORD10159', '2023-12-15 19:00:00', 1, FALSE, 9, 9, 'P012'),
('ORD10160', '2023-12-15 19:15:00', 1, TRUE, 10, 10, 'P012'),
('ORD10161', '2023-12-24 12:00:00', 1, FALSE, 11, 11, 'P002'),
('ORD10162', '2023-12-24 12:30:00', 2, TRUE, 12, 12, 'P004'),
('ORD10163', '2023-12-24 13:15:00', 1, FALSE, 13, 13, 'P005'),
('ORD10164', '2023-12-24 13:45:00', 3, TRUE, 14, 14, 'P001'),
('ORD10165', '2023-12-24 14:30:00', 1, FALSE, 15, 15, 'P007'),
('ORD10166', '2023-12-24 19:45:00', 2, TRUE, 16, 16, 'P003'),
('ORD10167', '2023-12-24 20:15:00', 1, FALSE, 17, 17, 'P008'),
('ORD10168', '2023-12-24 21:00:00', 1, TRUE, 18, 18, 'P006'),
('ORD10169', '2023-12-25 12:15:00', 1, FALSE, 19, 19, 'P002'),
('ORD10170', '2023-12-25 12:45:00', 2, TRUE, 20, 20, 'P004'),
('ORD10171', '2023-12-31 17:00:00', 1, FALSE, 21, 21, 'P012'),
('ORD10172', '2023-12-31 17:15:00', 1, TRUE, 22, 22, 'P012'),
('ORD10173', '2023-12-31 17:30:00', 1, FALSE, 23, 23, 'P012'),
('ORD10174', '2023-12-31 17:45:00', 1, TRUE, 24, 24, 'P012'),
('ORD10175', '2023-12-31 18:00:00', 1, FALSE, 25, 25, 'P012'),
('ORD10176', '2023-12-31 18:15:00', 1, TRUE, 26, 26, 'P012'),
('ORD10177', '2023-12-31 18:30:00', 1, FALSE, 27, 27, 'P012'),
('ORD10178', '2023-12-31 18:45:00', 1, TRUE, 28, 28, 'P012'),
('ORD10179', '2023-12-31 19:00:00', 1, FALSE, 29, 29, 'P012'),
('ORD10180', '2023-12-31 19:15:00', 1, TRUE, 30, 30, 'P012'),
-- January 2024 orders (New Year)
('ORD10181', '2024-01-01 12:00:00', 1, FALSE, 31, 31, 'P002'),
('ORD10182', '2024-01-01 12:30:00', 2, TRUE, 32, 32, 'P004'),
('ORD10183', '2024-01-01 13:15:00', 1, FALSE, 33, 33, 'P005'),
('ORD10184', '2024-01-01 13:45:00', 3, TRUE, 34, 34, 'P001'),
('ORD10185', '2024-01-01 14:30:00', 1, FALSE, 35, 35, 'P007'),
('ORD10186', '2024-01-01 19:45:00', 2, TRUE, 36, 36, 'P003'),
('ORD10187', '2024-01-01 20:15:00', 1, FALSE, 37, 37, 'P008'),
('ORD10188', '2024-01-01 21:00:00', 1, TRUE, 38, 38, 'P006'),
('ORD10189', '2024-01-02 12:15:00', 1, FALSE, 39, 39, 'P002'),
('ORD10190', '2024-01-02 12:45:00', 2, TRUE, 40, 40, 'P004'),
('ORD10191', '2024-01-03 12:00:00', 1, FALSE, 41, 41, 'P002'),
('ORD10192', '2024-01-03 12:30:00', 2, TRUE, 42, 42, 'P004'),
('ORD10193', '2024-01-03 13:15:00', 1, FALSE, 43, 43, 'P005'),
('ORD10194', '2024-01-03 13:45:00', 3, TRUE, 44, 44, 'P001'),
('ORD10195', '2024-01-03 14:30:00', 1, FALSE, 45, 45, 'P007'),
('ORD10196', '2024-01-03 19:45:00', 2, TRUE, 46, 46, 'P003'),
('ORD10197', '2024-01-03 20:15:00', 1, FALSE, 47, 47, 'P008'),
('ORD10198', '2024-01-03 21:00:00', 1, TRUE, 48, 48, 'P006'),
('ORD10199', '2024-01-04 12:15:00', 1, FALSE, 49, 49, 'P002'),
('ORD10200', '2024-01-04 12:45:00', 2, TRUE, 50, 50, 'P004');
